Departure City,Arrival City,Departure Coordinates,Arrival Coordinates,Train CO2,Train Duration,Car CO2,Car Duration,Flight CO2,Flight Duration
Tirana,Vienna,"{10.166386, 46.215}","{16.34167, 48.206947}",10.8,41100,67.4,21180,120.69999999999999,17460
Tirana,Torino,"{10.166386, 46.215}","{45.060282, 7.677498}",13.4,13680,32.6,11580,121.5,15720
Tirana,Brussels,"{10.166386, 46.215}","{50.896393, 4.481941}",21.6,50760,87.3,27420,214.9,26760
Tirana,Sofia,"{10.166386, 46.215}","{42.71194, 23.320832}",104.3,166260,139.2,39480,176.70000000000002,15120
Tirana,Brno,"{10.166386, 46.215}","{16.609719, 49.189171}",16.7,48960,76.4,24000,134.7,21960
Tirana,Zagreb,"{10.166386, 46.215}","{45.804445, 15.978892}",35.0,78900,63.5,22560,107.9,17460
Tirana,Prague,"{10.166386, 46.215}","{46.395557, 15.661942}",34.6,78900,59.4,21120,146.6,19980
Tirana,Copenhagen,"{10.166386, 46.215}","{12.565553, 55.673054}",42.9,77640,133.2,37800,242.4,27060
Tirana,Toulouse,"{10.166386, 46.215}","{1.45361, 43.611113}",25.6,54300,97.3,30600,136.79999999999998,15180
Tirana,Munich,"{10.166386, 46.215}","{48.136948, 11.575275}",8.2,33780,33.5,11940,139.29999999999998,16260
Tirana,Helsinki,"{10.166386, 46.215}","{24.941111, 60.172218}",231.2,171720,228.7,64920,252.70000000000002,30060
Tirana,Paris,"{10.166386, 46.215}","{48.858395, 2.294254}",3.9,35820,85.8,26940,222.3,27480
Tirana,Lyon,"{10.166386, 46.215}","{4.863775, 45.702291}",1.6,42060,58.3,20760,113.2,14520
Tirana,Berlin,"{10.166386, 46.215}","{52.520555, 13.386943}",25.9,50700,96.5,30360,150.6,18960
Tirana,Stockholm,"{10.166386, 46.215}","{18.05763, 59.33001}",45.2,99540,193.8,55020,267.6,32940
Tirana,Budapest,"{10.166386, 46.215}","{18.949998, 47.499999}",19.3,84180,90.0,28260,140.8,14340
Tirana,Bucharest,"{10.166386, 46.215}","{51.918053, 15.365001}",44.1,77400,96.5,30360,160.3,24840
Tirana,Rome,"{10.166386, 46.215}","{41.900555, 12.501388}",32.2,45120,67.6,21240,128.7,14880
Tirana,Istanbul,"{10.166386, 46.215}","{41.014722, 28.976665}",139.8,213960,201.9,57300,226.7,27420
Tirana,London,"{10.166386, 46.215}","{-0.122918, 51.530888}",17.4,49740,125.0,39240,240.0,29280
Tirana,Graz,"{10.166386, 46.215}","{47.07222, 15.416392}",10.4,47640,57.9,20580,137.6,15300
Tirana,Hamburg,"{10.166386, 46.215}","{9.997497, 53.557218}",23.6,49500,106.6,33540,146.5,19920
Tirana,Barcelona,"{10.166386, 46.215}","{41.38444, 2.185278}",22.4,84360,109.6,34440,140.2,15000
Tirana,Milan,"{10.166386, 46.215}","{9.204163, 45.486388}",7.3,9120,15.6,5580,-1,-1
Tirana,Belgrade,"{10.166386, 46.215}","{50.771111, 3.87222}",22.6,53700,89.8,28200,139.5,19980
Tirana,Ljubljana,"{10.166386, 46.215}","{46.058057, 14.51028}",30.4,70320,47.1,16740,144.7,18240
Tirana,Zurich,"{10.166386, 46.215}","{8.540274, 47.37806}",8.8,46020,25.2,8940,101.6,15600
Tirana,Bern,"{10.166386, 46.215}","{46.948888, 7.439167}",13.2,51360,31.5,11220,193.3,29880
Tirana,Napoli,"{10.166386, 46.215}","{40.839163, 14.25139}",41.0,49200,89.1,28020,127.0,13500
Tirana,Amsterdam,"{10.166386, 46.215}","{4.900559, 52.378607}",25.8,51480,102.5,32220,228.6,29100
Tirana,Warszawa,"{10.166386, 46.215}","{52.228855, 21.003215}",82.8,77280,129.0,36600,235.0,28740
Tirana,Riga,"{10.166386, 46.215}","{24.120279, 56.946943}",168.7,228900,191.1,54240,151.0,19320
Tirana,Oslo,"{10.166386, 46.215}","{10.755279, 59.910282}",44.9,108360,190.5,54060,284.09999999999997,34440
Vienna,Torino,"{16.34167, 48.206947}","{45.060282, 7.677498}",32.5,40440,97.7,30720,137.7,16680
Vienna,Brussels,"{16.34167, 48.206947}","{50.896393, 4.481941}",27.3,37620,118.4,37200,155.70000000000002,12840
Vienna,Sofia,"{16.34167, 48.206947}","{42.71194, 23.320832}",68.5,103140,106.8,33600,149.20000000000002,12420
Vienna,Brno,"{16.34167, 48.206947}","{16.609719, 49.189171}",5.2,6240,15.8,5580,-1,-1
Vienna,Zagreb,"{16.34167, 48.206947}","{45.804445, 15.978892}",10.0,40020,37.6,13380,105.5,10200
Vienna,Prague,"{16.34167, 48.206947}","{46.395557, 15.661942}",5.4,25560,29.1,10320,93.89999999999999,13980
Vienna,Copenhagen,"{16.34167, 48.206947}","{12.565553, 55.673054}",56.3,51240,113.8,35760,149.5,13080
Vienna,Toulouse,"{16.34167, 48.206947}","{1.45361, 43.611113}",17.1,60600,157.2,44640,274.1,30480
Vienna,Munich,"{16.34167, 48.206947}","{48.136948, 11.575275}",10.2,16200,49.8,17700,136.9,12180
Vienna,Helsinki,"{16.34167, 48.206947}","{24.941111, 60.172218}",236.8,158580,180.3,51180,141.4,16560
Vienna,Paris,"{16.34167, 48.206947}","{48.858395, 2.294254}",24.9,34980,128.9,36600,176.2,15300
Vienna,Lyon,"{16.34167, 48.206947}","{4.863775, 45.702291}",20.1,46020,119.4,37500,156.5,14040
Vienna,Berlin,"{16.34167, 48.206947}","{52.520555, 13.386943}",23.4,27000,68.2,21420,116.0,11640
Vienna,Stockholm,"{16.34167, 48.206947}","{18.05763, 59.33001}",64.4,84180,155.5,44100,128.7,17640
Vienna,Budapest,"{16.34167, 48.206947}","{18.949998, 47.499999}",8.5,8520,30.3,10740,111.5,10440
Vienna,Bucharest,"{16.34167, 48.206947}","{51.918053, 15.365001}",46.3,37140,59.0,21000,117.7,18060
Vienna,Rome,"{16.34167, 48.206947}","{41.900555, 12.501388}",39.6,42180,100.2,31500,147.2,13620
Vienna,Istanbul,"{16.34167, 48.206947}","{41.014722, 28.976665}",104.0,150840,159.6,45300,121.5,15000
Vienna,London,"{16.34167, 48.206947}","{-0.122918, 51.530888}",41.5,48420,154.4,43800,120.80000000000001,15720
Vienna,Graz,"{16.34167, 48.206947}","{47.07222, 15.416392}",3.3,10440,20.1,7140,84.89999999999999,9300
Vienna,Hamburg,"{16.34167, 48.206947}","{9.997497, 53.557218}",31.3,47160,97.0,30480,143.2,12600
Vienna,Barcelona,"{16.34167, 48.206947}","{41.38444, 2.185278}",20.3,71940,168.8,47880,131.8,15780
Vienna,Milan,"{16.34167, 48.206947}","{9.204163, 45.486388}",28.7,38640,81.3,25560,135.6,11760
Vienna,Belgrade,"{16.34167, 48.206947}","{50.771111, 3.87222}",28.3,40560,123.4,38760,162.70000000000002,16440
Vienna,Ljubljana,"{16.34167, 48.206947}","{46.058057, 14.51028}",9.6,21300,38.7,13740,105.9,10440
Vienna,Zurich,"{16.34167, 48.206947}","{8.540274, 47.37806}",10.6,27900,77.1,24240,130.70000000000002,11820
Vienna,Bern,"{16.34167, 48.206947}","{46.948888, 7.439167}",10.7,31980,89.1,28020,143.6,16140
Vienna,Napoli,"{16.34167, 48.206947}","{40.839163, 14.25139}",49.2,47820,109.5,34380,153.1,13440
Vienna,Amsterdam,"{16.34167, 48.206947}","{4.900559, 52.378607}",36.0,44100,122.2,38400,163.0,14400
Vienna,Warszawa,"{16.34167, 48.206947}","{52.228855, 21.003215}",51.6,28560,72.9,22920,120.1,11520
Vienna,Riga,"{16.34167, 48.206947}","{24.120279, 56.946943}",138.1,142380,138.1,39180,107.5,14640
Vienna,Oslo,"{16.34167, 48.206947}","{10.755279, 59.910282}",59.0,102300,169.0,48000,137.8,18120
Torino,Brussels,"{45.060282, 7.677498}","{50.896393, 4.481941}",19.6,45120,90.1,28320,125.6,11280
Torino,Sofia,"{45.060282, 7.677498}","{42.71194, 23.320832}",103.5,162540,160.0,45420,119.0,16680
Torino,Brno,"{45.060282, 7.677498}","{16.609719, 49.189171}",40.2,52560,106.7,33540,151.7,20940
Torino,Zagreb,"{45.060282, 7.677498}","{45.804445, 15.978892}",34.0,53220,85.4,26820,125.60000000000001,14460
Torino,Prague,"{45.060282, 7.677498}","{46.395557, 15.661942}",33.5,43380,83.3,26160,148.7,19980
Torino,Copenhagen,"{45.060282, 7.677498}","{12.565553, 55.673054}",53.6,71100,153.6,43620,122.9,17520
Torino,Toulouse,"{45.060282, 7.677498}","{1.45361, 43.611113}",16.1,45780,68.0,21360,178.0,25500
Torino,Munich,"{45.060282, 7.677498}","{48.136948, 11.575275}",28.7,29760,63.6,22620,118.6,13560
Torino,Helsinki,"{45.060282, 7.677498}","{24.941111, 60.172218}",239.6,169980,254.0,72060,185.4,20160
Torino,Paris,"{45.060282, 7.677498}","{48.858395, 2.294254}",16.0,34680,76.3,24000,125.8,12300
Torino,Lyon,"{45.060282, 7.677498}","{4.863775, 45.702291}",13.3,25920,32.7,11640,111.7,13380
Torino,Berlin,"{45.060282, 7.677498}","{52.520555, 13.386943}",34.2,69000,121.3,38100,154.6,17040
Torino,Stockholm,"{45.060282, 7.677498}","{18.05763, 59.33001}",62.3,128280,216.6,61440,250.2,33540
Torino,Budapest,"{45.060282, 7.677498}","{18.949998, 47.499999}",43.0,50520,119.3,37500,143.39999999999998,15480
Torino,Bucharest,"{45.060282, 7.677498}","{51.918053, 15.365001}",48.1,80640,124.0,38940,163.5,25920
Torino,Rome,"{45.060282, 7.677498}","{41.900555, 12.501388}",30.6,43560,68.8,21600,117.3,11520
Torino,Istanbul,"{45.060282, 7.677498}","{41.014722, 28.976665}",139.1,210240,222.9,63240,163.10000000000002,19020
Torino,London,"{45.060282, 7.677498}","{-0.122918, 51.530888}",28.9,48000,120.2,37800,149.0,14040
Torino,Graz,"{45.060282, 7.677498}","{47.07222, 15.416392}",31.3,36900,83.3,26220,150.1,21120
Torino,Hamburg,"{45.060282, 7.677498}","{9.997497, 53.557218}",33.3,66660,125.2,39360,153.79999999999998,15240
Torino,Barcelona,"{45.060282, 7.677498}","{41.38444, 2.185278}",20.5,100680,79.4,24960,131.48999999999998,10680
Torino,Milan,"{45.060282, 7.677498}","{9.204163, 45.486388}",6.1,3000,17.9,6360,-1,-1
Torino,Belgrade,"{45.060282, 7.677498}","{50.771111, 3.87222}",31.6,70260,90.7,28500,132.6,14940
Torino,Ljubljana,"{45.060282, 7.677498}","{46.058057, 14.51028}",29.2,34800,71.1,22320,143.29999999999998,17040
Torino,Zurich,"{45.060282, 7.677498}","{8.540274, 47.37806}",9.7,39000,37.3,13260,118.30000000000001,13860
Torino,Bern,"{45.060282, 7.677498}","{46.948888, 7.439167}",10.7,47760,29.4,10440,-1,-1
Torino,Napoli,"{45.060282, 7.677498}","{40.839163, 14.25139}",39.5,49200,92.9,29220,132.4,10860
Torino,Amsterdam,"{45.060282, 7.677498}","{4.900559, 52.378607}",34.9,73440,109.4,34380,160.4,17640
Torino,Warszawa,"{45.060282, 7.677498}","{52.228855, 21.003215}",106.2,80700,157.5,44700,123.39999999999999,18060
Torino,Riga,"{45.060282, 7.677498}","{24.120279, 56.946943}",172.5,186180,217.9,61860,156.8,18960
Torino,Oslo,"{45.060282, 7.677498}","{10.755279, 59.910282}",56.4,106200,207.9,59040,155.7,20100
Porto,Moscow,"{-8.585552, 41.149722}","{38.776112, -9.099169}",8.6,10680,37.6,13380,102.36,8220
Porto,Lisbon,"{-8.585552, 41.149722}","{38.767779, -9.098054}",8.5,10200,37.8,13440,102.36999999999999,8280
Brussels,Sofia,"{50.896393, 4.481941}","{42.71194, 23.320832}",103.8,163500,211.5,60000,157.8,15240
Brussels,Brno,"{50.896393, 4.481941}","{16.609719, 49.189171}",33.4,44580,115.8,36360,231.0,20460
Brussels,Zagreb,"{50.896393, 4.481941}","{45.804445, 15.978892}",35.1,79740,127.5,36180,170.8,11820
Brussels,Prague,"{50.896393, 4.481941}","{46.395557, 15.661942}",30.6,55500,125.6,39480,251.70000000000002,25860
Brussels,Copenhagen,"{50.896393, 4.481941}","{12.565553, 55.673054}",42.2,48060,98.7,31020,137.79999999999998,10740
Brussels,Toulouse,"{50.896393, 4.481941}","{1.45361, 43.611113}",9.7,50160,110.0,34560,141.0,11340
Brussels,Munich,"{50.896393, 4.481941}","{48.136948, 11.575275}",22.7,23760,77.8,24480,129.6,11580
Brussels,Helsinki,"{50.896393, 4.481941}","{24.941111, 60.172218}",232.5,145740,204.9,58140,155.1,15060
Brussels,Paris,"{50.896393, 4.481941}","{48.858395, 2.294254}",3.6,7320,38.1,13560,124.8,9660
Brussels,Lyon,"{50.896393, 4.481941}","{4.863775, 45.702291}",6.7,40440,75.0,23580,124.1,11100
Brussels,Berlin,"{50.896393, 4.481941}","{52.520555, 13.386943}",28.6,41280,83.9,26400,117.67,9840
Brussels,Stockholm,"{50.896393, 4.481941}","{18.05763, 59.33001}",46.7,78540,158.8,45060,119.19,13140
Brussels,Budapest,"{50.896393, 4.481941}","{18.949998, 47.499999}",36.7,49500,140.1,39780,109.19999999999999,12900
Brussels,Bucharest,"{50.896393, 4.481941}","{51.918053, 15.365001}",42.4,54960,99.7,31320,137.2,16380
Brussels,Rome,"{50.896393, 4.481941}","{41.900555, 12.501388}",56.3,69780,146.8,41700,245.2,22560
Brussels,Istanbul,"{50.896393, 4.481941}","{41.014722, 28.976665}",139.4,211200,271.8,77160,200.7,17340
Brussels,London,"{50.896393, 4.481941}","{-0.122918, 51.530888}",9.5,11820,46.3,16440,119.4,10020
Brussels,Graz,"{50.896393, 4.481941}","{47.07222, 15.416392}",28.5,46200,118.1,37080,242.70000000000002,21180
Brussels,Hamburg,"{50.896393, 4.481941}","{9.997497, 53.557218}",15.6,24480,67.2,23940,116.0,9480
Brussels,Barcelona,"{50.896393, 4.481941}","{41.38444, 2.185278}",14.2,35520,134.3,38100,103.3,12600
Brussels,Milan,"{50.896393, 4.481941}","{9.204163, 45.486388}",31.1,57180,90.9,28560,129.4,10620
Brussels,Belgrade,"{50.896393, 4.481941}","{50.771111, 3.87222}",1.6,4260,6.8,3600,-1,-1
Brussels,Ljubljana,"{50.896393, 4.481941}","{46.058057, 14.51028}",33.6,49440,119.4,37500,151.70000000000002,12060
Brussels,Zurich,"{50.896393, 4.481941}","{8.540274, 47.37806}",21.1,28020,68.9,24480,116.10000000000001,9660
Brussels,Bern,"{50.896393, 4.481941}","{46.948888, 7.439167}",24.3,31380,68.8,24480,117.94999999999999,9420
Brussels,Napoli,"{50.896393, 4.481941}","{40.839163, 14.25139}",65.0,75660,168.4,47820,126.9,13620
Brussels,Amsterdam,"{50.896393, 4.481941}","{4.900559, 52.378607}",6.1,7380,23.5,8400,85.6,9060
Brussels,Warszawa,"{50.896393, 4.481941}","{52.228855, 21.003215}",73.5,47280,143.8,40800,108.6,12420
Brussels,Riga,"{50.896393, 4.481941}","{24.120279, 56.946943}",154.9,171000,180.6,51240,134.70000000000002,13920
Brussels,Oslo,"{50.896393, 4.481941}","{10.755279, 59.910282}",51.1,96600,134.7,38220,236.1,28200
Sofia,Brno,"{42.71194, 23.320832}","{16.609719, 49.189171}",73.0,101160,116.0,36420,163.20000000000002,17160
Sofia,Zagreb,"{42.71194, 23.320832}","{45.804445, 15.978892}",78.0,124380,88.6,27840,145.29999999999998,16260
Sofia,Prague,"{42.71194, 23.320832}","{46.395557, 15.661942}",73.4,115320,95.7,30060,147.4,20160
Sofia,Copenhagen,"{42.71194, 23.320832}","{12.565553, 55.673054}",117.8,163800,204.5,58020,283.6,32400
Sofia,Toulouse,"{42.71194, 23.320832}","{1.45361, 43.611113}",98.1,151500,221.5,62880,-1,-1
Sofia,Munich,"{42.71194, 23.320832}","{48.136948, 11.575275}",77.9,108120,137.1,38940,108.60000000000001,14580
Sofia,Helsinki,"{42.71194, 23.320832}","{24.941111, 60.172218}",324.5,269580,243.2,69060,287.59999999999997,35100
Sofia,Paris,"{42.71194, 23.320832}","{48.858395, 2.294254}",92.0,128880,219.7,62340,166.1,17160
Sofia,Lyon,"{42.71194, 23.320832}","{4.863775, 45.702291}",95.6,139920,188.5,53520,243.7,29280
Sofia,Berlin,"{42.71194, 23.320832}","{52.520555, 13.386943}",90.6,123600,164.4,46680,125.0,13980
Sofia,Stockholm,"{42.71194, 23.320832}","{18.05763, 59.33001}",121.0,185220,235.5,66840,260.9,34800
Sofia,Budapest,"{42.71194, 23.320832}","{18.949998, 47.499999}",58.8,81000,82.4,25860,130.79999999999998,10380
Sofia,Bucharest,"{42.71194, 23.320832}","{51.918053, 15.365001}",113.1,133140,148.2,42060,132.8,22680
Sofia,Istanbul,"{42.71194, 23.320832}","{41.014722, 28.976665}",39.4,42540,65.8,20640,116.89999999999999,10080
Sofia,London,"{42.71194, 23.320832}","{-0.122918, 51.530888}",103.3,145620,252.0,71520,192.1,18840
Sofia,Graz,"{42.71194, 23.320832}","{47.07222, 15.416392}",70.5,104820,103.1,32400,166.5,18360
Sofia,Hamburg,"{42.71194, 23.320832}","{9.997497, 53.557218}",96.9,126660,194.2,55140,136.4,24420
Sofia,Barcelona,"{42.71194, 23.320832}","{41.38444, 2.185278}",88.5,194880,219.0,62160,163.54,16020
Sofia,Milan,"{42.71194, 23.320832}","{9.204163, 45.486388}",93.4,131100,146.1,41460,109.3,13800
Sofia,Belgrade,"{42.71194, 23.320832}","{50.771111, 3.87222}",95.5,137160,215.6,61200,164.70000000000002,19140
Sofia,Ljubljana,"{42.71194, 23.320832}","{46.058057, 14.51028}",77.6,122700,103.6,32580,144.9,19860
Sofia,Zurich,"{42.71194, 23.320832}","{8.540274, 47.37806}",77.6,125400,158.7,45060,121.60000000000001,14280
Sofia,Bern,"{42.71194, 23.320832}","{46.948888, 7.439167}",77.7,129480,167.0,47400,134.5,18660
Sofia,Napoli,"{42.71194, 23.320832}","{40.839163, 14.25139}",123.5,184680,102.7,32280,181.4,22260
Sofia,Amsterdam,"{42.71194, 23.320832}","{4.900559, 52.378607}",99.3,136740,218.0,61860,164.70000000000002,17040
Sofia,Warszawa,"{42.71194, 23.320832}","{52.228855, 21.003215}",118.3,132420,134.1,38040,102.6,12480
Sofia,Riga,"{42.71194, 23.320832}","{24.120279, 56.946943}",198.9,270780,198.1,56220,341.40000000000003,37140
Sofia,Oslo,"{42.71194, 23.320832}","{10.755279, 59.910282}",120.7,198900,261.9,74340,255.3,34440
Brno,Zagreb,"{16.609719, 49.189171}","{45.804445, 15.978892}",15.4,50100,53.4,18960,119.5,14700
Brno,Prague,"{16.609719, 49.189171}","{46.395557, 15.661942}",11.4,26640,44.8,15960,130.1,20220
Brno,Copenhagen,"{16.609719, 49.189171}","{12.565553, 55.673054}",64.3,58860,100.8,31680,235.4,20640
Brno,Toulouse,"{16.609719, 49.189171}","{1.45361, 43.611113}",22.5,69420,164.4,46620,280.8,32820
Brno,Munich,"{16.609719, 49.189171}","{48.136948, 11.575275}",14.5,22140,54.7,19440,209.2,21180
Brno,Helsinki,"{16.609719, 49.189171}","{24.941111, 60.172218}",253.0,157440,166.5,47280,227.0,23880
Brno,Paris,"{16.609719, 49.189171}","{48.858395, 2.294254}",58.5,57000,129.8,36840,248.9,22980
Brno,Lyon,"{16.609719, 49.189171}","{4.863775, 45.702291}",17.8,82560,125.9,39540,242.85,21900
Brno,Berlin,"{16.609719, 49.189171}","{52.520555, 13.386943}",33.0,26040,60.6,21600,209.89999999999998,18960
Brno,Stockholm,"{16.609719, 49.189171}","{18.05763, 59.33001}",73.6,90240,141.5,40140,205.63,24000
Brno,Budapest,"{16.609719, 49.189171}","{18.949998, 47.499999}",12.6,14760,36.5,12960,125.5,14880
Brno,Bucharest,"{16.609719, 49.189171}","{51.918053, 15.365001}",42.8,34740,44.4,15780,-1,-1
Brno,Rome,"{16.609719, 49.189171}","{41.900555, 12.501388}",45.6,51960,114.4,35940,161.2,18120
Brno,Istanbul,"{16.609719, 49.189171}","{41.014722, 28.976665}",107.7,155520,165.8,47040,135.5,19440
Brno,London,"{16.609719, 49.189171}","{-0.122918, 51.530888}",64.4,63060,151.7,43080,115.39999999999999,15180
Brno,Graz,"{16.609719, 49.189171}","{47.07222, 15.416392}",9.3,15300,35.4,12600,98.89999999999999,13800
Brno,Hamburg,"{16.609719, 49.189171}","{9.997497, 53.557218}",43.0,35100,87.2,27420,220.1,20400
Brno,Milan,"{16.609719, 49.189171}","{9.204163, 45.486388}",31.4,43020,90.8,28500,149.6,16260
Brno,Belgrade,"{16.609719, 49.189171}","{50.771111, 3.87222}",56.5,54600,121.1,38040,237.9,24060
Brno,Ljubljana,"{16.609719, 49.189171}","{46.058057, 14.51028}",15.1,39120,53.7,19080,119.9,14940
Brno,Zurich,"{16.609719, 49.189171}","{8.540274, 47.37806}",16.5,35880,82.3,25860,226.29999999999998,20400
Brno,Bern,"{16.609719, 49.189171}","{46.948888, 7.439167}",16.6,39960,94.8,29760,234.29999999999998,25800
Brno,Napoli,"{16.609719, 49.189171}","{40.839163, 14.25139}",57.8,81240,124.1,39000,167.1,17940
Brno,Amsterdam,"{16.609719, 49.189171}","{4.900559, 52.378607}",38.1,47220,117.0,36780,234.4,21840
Brno,Warszawa,"{16.609719, 49.189171}","{52.228855, 21.003215}",53.2,27840,64.5,22920,145.0,19500
Brno,Riga,"{16.609719, 49.189171}","{24.120279, 56.946943}",139.7,141660,130.3,40980,267.16999999999996,21840
Brno,Oslo,"{16.609719, 49.189171}","{10.755279, 59.910282}",66.7,94080,156.3,44340,210.26,24480
Zagreb,Prague,"{45.804445, 15.978892}","{46.395557, 15.661942}",4.4,10200,10.7,5580,-1,-1
Zagreb,Copenhagen,"{45.804445, 15.978892}","{12.565553, 55.673054}",61.1,75300,140.5,39840,108.2,12540
Zagreb,Toulouse,"{45.804445, 15.978892}","{1.45361, 43.611113}",41.4,95280,146.6,41580,278.8,27420
Zagreb,Munich,"{45.804445, 15.978892}","{48.136948, 11.575275}",13.9,31260,59.6,21240,110.5,11940
Zagreb,Helsinki,"{45.804445, 15.978892}","{24.941111, 60.172218}",261.8,180960,213.0,60480,238.5,31860
Zagreb,Paris,"{45.804445, 15.978892}","{48.858395, 2.294254}",18.8,64680,135.1,38340,106.0,14460
Zagreb,Lyon,"{45.804445, 15.978892}","{4.863775, 45.702291}",16.8,87420,112.9,35460,237.6,26460
Zagreb,Berlin,"{45.804445, 15.978892}","{52.520555, 13.386943}",37.3,50760,100.4,31560,141.9,13020
Zagreb,Stockholm,"{45.804445, 15.978892}","{18.05763, 59.33001}",64.3,96720,188.9,53640,144.29,15960
Zagreb,Budapest,"{45.804445, 15.978892}","{18.949998, 47.499999}",18.6,35160,42.1,14940,114.85000000000001,9000
Zagreb,Bucharest,"{45.804445, 15.978892}","{51.918053, 15.365001}",60.1,84300,89.1,28020,150.9,21780
Zagreb,Rome,"{45.804445, 15.978892}","{41.900555, 12.501388}",41.8,46800,68.0,21360,117.8,15840
Zagreb,Istanbul,"{45.804445, 15.978892}","{41.014722, 28.976665}",116.2,201660,146.8,41640,109.4,14820
Zagreb,London,"{45.804445, 15.978892}","{-0.122918, 51.530888}",51.4,76620,167.5,47520,132.3,17040
Zagreb,Graz,"{45.804445, 15.978892}","{47.07222, 15.416392}",6.4,15420,20.7,7380,123.3,12240
Zagreb,Hamburg,"{45.804445, 15.978892}","{9.997497, 53.557218}",41.4,56160,125.7,39540,142.5,17460
Zagreb,Barcelona,"{45.804445, 15.978892}","{41.38444, 2.185278}",46.3,86040,152.1,43200,111.0,17580
Zagreb,Milan,"{45.804445, 15.978892}","{9.204163, 45.486388}",31.0,42000,69.2,21720,122.3,12540
Zagreb,Belgrade,"{45.804445, 15.978892}","{50.771111, 3.87222}",43.6,68160,131.4,37260,177.8,16920
Zagreb,Ljubljana,"{45.804445, 15.978892}","{46.058057, 14.51028}",4.6,8520,16.5,5880,119.59,8340
Zagreb,Zurich,"{45.804445, 15.978892}","{8.540274, 47.37806}",15.2,49200,77.7,24420,129.7,11880
Zagreb,Bern,"{45.804445, 15.978892}","{46.948888, 7.439167}",15.3,53280,87.2,27420,142.6,16200
Zagreb,Napoli,"{45.804445, 15.978892}","{40.839163, 14.25139}",50.6,50880,74.9,23520,142.3,24000
Zagreb,Amsterdam,"{45.804445, 15.978892}","{4.900559, 52.378607}",45.7,64140,135.9,38580,106.5,13380
Zagreb,Warszawa,"{45.804445, 15.978892}","{52.228855, 21.003215}",62.1,52260,104.9,33000,217.2,26820
Zagreb,Riga,"{45.804445, 15.978892}","{24.120279, 56.946943}",142.4,182280,170.0,48240,204.60000000000002,29940
Zagreb,Oslo,"{45.804445, 15.978892}","{10.755279, 59.910282}",63.9,110400,200.9,57000,246.6,39840
Prague,Copenhagen,"{46.395557, 15.661942}","{12.565553, 55.673054}",53.7,75480,131.8,37380,237.6,26880
Prague,Toulouse,"{46.395557, 15.661942}","{1.45361, 43.611113}",35.5,97980,144.8,41100,285.9,28080
Prague,Munich,"{46.395557, 15.661942}","{48.136948, 11.575275}",12.0,29100,51.4,18300,130.9,15960
Prague,Helsinki,"{46.395557, 15.661942}","{24.941111, 60.172218}",239.8,181260,206.1,58500,229.4,30360
Prague,Paris,"{46.395557, 15.661942}","{48.858395, 2.294254}",29.4,53400,129.2,36660,234.8,29220
Prague,Lyon,"{46.395557, 15.661942}","{4.863775, 45.702291}",13.6,89220,109.5,34380,236.4,25080
Prague,Berlin,"{46.395557, 15.661942}","{52.520555, 13.386943}",26.5,42480,91.3,28680,142.2,16560
Prague,Stockholm,"{46.395557, 15.661942}","{18.05763, 59.33001}",56.9,96900,181.0,51360,216.7,31440
Prague,Budapest,"{46.395557, 15.661942}","{18.949998, 47.499999}",13.8,27420,39.8,14160,117.0,12900
Prague,Bucharest,"{46.395557, 15.661942}","{51.918053, 15.365001}",51.7,66540,80.3,25260,205.8,31860
Prague,Rome,"{46.395557, 15.661942}","{41.900555, 12.501388}",40.5,47460,73.7,23160,128.4,21360
Prague,Istanbul,"{46.395557, 15.661942}","{41.014722, 28.976665}",109.4,167520,152.9,43380,111.60000000000001,18720
Prague,London,"{46.395557, 15.661942}","{-0.122918, 51.530888}",39.3,79020,160.5,45540,278.8,29340
Prague,Graz,"{46.395557, 15.661942}","{47.07222, 15.416392}",2.0,4800,11.8,6180,-1,-1
Prague,Hamburg,"{46.395557, 15.661942}","{9.997497, 53.557218}",32.8,45540,116.6,36660,141.4,15060
Prague,Barcelona,"{46.395557, 15.661942}","{41.38444, 2.185278}",43.2,110100,152.2,43200,109.8,16200
Prague,Milan,"{46.395557, 15.661942}","{9.204163, 45.486388}",29.6,43920,66.8,21000,145.5,18180
Prague,Belgrade,"{46.395557, 15.661942}","{50.771111, 3.87222}",31.3,56040,129.8,40800,258.6,29520
Prague,Ljubljana,"{46.395557, 15.661942}","{46.058057, 14.51028}",4.2,7200,14.6,7620,-1,-1
Prague,Zurich,"{46.395557, 15.661942}","{8.540274, 47.37806}",12.0,44280,72.2,22680,127.60000000000001,17220
Prague,Bern,"{46.395557, 15.661942}","{46.948888, 7.439167}",12.1,48360,82.4,25920,257.8,25920
Prague,Napoli,"{46.395557, 15.661942}","{40.839163, 14.25139}",50.1,53100,82.5,25920,126.9,16920
Prague,Amsterdam,"{46.395557, 15.661942}","{4.900559, 52.378607}",35.2,70140,127.9,36300,247.4,28380
Prague,Warszawa,"{46.395557, 15.661942}","{52.228855, 21.003215}",57.4,44100,98.7,31020,208.1,25320
Prague,Riga,"{46.395557, 15.661942}","{24.120279, 56.946943}",138.0,172020,163.6,46440,195.60000000000002,28440
Prague,Oslo,"{46.395557, 15.661942}","{10.755279, 59.910282}",56.6,110580,192.2,54540,237.6,38340
Copenhagen,Toulouse,"{12.565553, 55.673054}","{1.45361, 43.611113}",55.1,90720,194.8,55260,226.20000000000002,23940
Copenhagen,Munich,"{12.565553, 55.673054}","{48.136948, 11.575275}",52.0,40440,109.8,34560,151.7,13200
Copenhagen,Helsinki,"{12.565553, 55.673054}","{24.941111, 60.172218}",188.7,75840,115.5,36300,152.1,12300
Copenhagen,Paris,"{12.565553, 55.673054}","{48.858395, 2.294254}",49.8,47940,128.1,36360,169.5,13680
Copenhagen,Lyon,"{12.565553, 55.673054}","{4.863775, 45.702291}",51.6,57720,153.7,43620,118.0,15120
Copenhagen,Berlin,"{12.565553, 55.673054}","{52.520555, 13.386943}",36.0,24840,50.1,17820,128.6,9420
Copenhagen,Stockholm,"{12.565553, 55.673054}","{18.05763, 59.33001}",2.8,20340,68.3,21480,108.92,12300
Copenhagen,Budapest,"{12.565553, 55.673054}","{18.949998, 47.499999}",66.4,86520,126.5,35880,171.20000000000002,13260
Copenhagen,Bucharest,"{12.565553, 55.673054}","{51.918053, 15.365001}",50.9,36180,64.2,22800,152.5,15540
Copenhagen,Rome,"{12.565553, 55.673054}","{41.900555, 12.501388}",87.2,93540,191.9,54480,145.6,15480
Copenhagen,Istanbul,"{12.565553, 55.673054}","{41.014722, 28.976665}",166.2,223680,252.7,71700,187.8,16980
Copenhagen,London,"{12.565553, 55.673054}","{-0.122918, 51.530888}",51.0,55860,124.8,39240,159.6,13440
Copenhagen,Graz,"{12.565553, 55.673054}","{47.07222, 15.416392}",57.7,60480,127.7,40140,228.6,22080
Copenhagen,Hamburg,"{12.565553, 55.673054}","{9.997497, 53.557218}",23.4,17160,40.4,14400,107.19999999999999,8820
Copenhagen,Milan,"{12.565553, 55.673054}","{9.204163, 45.486388}",52.5,78660,144.8,41100,110.89999999999999,13020
Copenhagen,Belgrade,"{12.565553, 55.673054}","{50.771111, 3.87222}",43.1,47400,103.8,32640,144.79999999999998,14280
Copenhagen,Ljubljana,"{12.565553, 55.673054}","{46.058057, 14.51028}",60.5,83160,134.8,38280,102.9,13200
Copenhagen,Zurich,"{12.565553, 55.673054}","{8.540274, 47.37806}",50.4,45240,125.9,39600,159.29999999999998,12180
Copenhagen,Bern,"{12.565553, 55.673054}","{46.948888, 7.439167}",50.4,46800,129.2,36660,170.4,16800
Copenhagen,Napoli,"{12.565553, 55.673054}","{40.839163, 14.25139}",86.3,94920,207.1,58800,254.4,24780
Copenhagen,Amsterdam,"{12.565553, 55.673054}","{4.900559, 52.378607}",43.1,38040,81.0,25440,134.8,11280
Copenhagen,Warszawa,"{12.565553, 55.673054}","{52.228855, 21.003215}",87.6,51720,87.8,27600,124.3,10800
Copenhagen,Riga,"{12.565553, 55.673054}","{24.120279, 56.946943}",169.3,173820,94.9,29820,132.7,11160
Copenhagen,Oslo,"{12.565553, 55.673054}","{10.755279, 59.910282}",2.6,28860,68.0,24180,116.89999999999999,12240
Toulouse,Munich,"{1.45361, 43.611113}","{48.136948, 11.575275}",20.7,45000,121.4,38160,163.9,13680
Toulouse,Helsinki,"{1.45361, 43.611113}","{24.941111, 60.172218}",241.6,206940,302.8,85920,287.3,35520
Toulouse,Paris,"{1.45361, 43.611113}","{48.858395, 2.294254}",6.1,16440,77.1,24240,124.0,10980
Toulouse,Lyon,"{1.45361, 43.611113}","{4.863775, 45.702291}",3.6,16620,50.3,17880,136.17,9420
Toulouse,Berlin,"{1.45361, 43.611113}","{52.520555, 13.386943}",34.4,50280,166.0,47160,292.09999999999997,29100
Toulouse,Stockholm,"{1.45361, 43.611113}","{18.05763, 59.33001}",54.2,123600,260.1,73800,267.38,32940
Toulouse,Budapest,"{1.45361, 43.611113}","{18.949998, 47.499999}",40.1,83340,179.0,50820,225.0,27780
Toulouse,Bucharest,"{1.45361, 43.611113}","{51.918053, 15.365001}",49.1,87060,173.4,49200,309.0,34800
Toulouse,Rome,"{1.45361, 43.611113}","{41.900555, 12.501388}",34.6,68400,120.2,37740,155.0,13500
Toulouse,Istanbul,"{1.45361, 43.611113}","{41.014722, 28.976665}",141.4,227640,283.8,80520,304.7,31080
Toulouse,London,"{1.45361, 43.611113}","{-0.122918, 51.530888}",19.7,33060,116.1,36480,142.8,13620
Toulouse,Graz,"{1.45361, 43.611113}","{47.07222, 15.416392}",32.4,85860,144.5,41040,140.0,24180
Toulouse,Hamburg,"{1.45361, 43.611113}","{9.997497, 53.557218}",24.9,63480,158.8,45060,119.88,13560
Toulouse,Barcelona,"{1.45361, 43.611113}","{41.38444, 2.185278}",6.3,13740,35.8,12720,-1,-1
Toulouse,Milan,"{1.45361, 43.611113}","{9.204163, 45.486388}",11.9,46620,84.6,26580,132.1,11760
Toulouse,Belgrade,"{1.45361, 43.611113}","{50.771111, 3.87222}",10.6,28920,106.8,33540,141.97,13680
Toulouse,Ljubljana,"{1.45361, 43.611113}","{46.058057, 14.51028}",43.9,90060,133.0,37740,250.1,32280
Toulouse,Zurich,"{1.45361, 43.611113}","{8.540274, 47.37806}",5.0,37020,90.6,28440,253.4,26280
Toulouse,Bern,"{1.45361, 43.611113}","{46.948888, 7.439167}",4.9,33420,78.1,24540,131.79999999999998,15480
Toulouse,Napoli,"{1.45361, 43.611113}","{40.839163, 14.25139}",43.4,76380,136.7,38820,179.5,21660
Toulouse,Amsterdam,"{1.45361, 43.611113}","{4.900559, 52.378607}",15.3,32100,126.0,35760,167.20000000000002,13800
Toulouse,Warszawa,"{1.45361, 43.611113}","{52.228855, 21.003215}",83.4,91500,217.1,61620,258.7,30300
Toulouse,Riga,"{1.45361, 43.611113}","{24.120279, 56.946943}",165.4,213600,271.5,77040,263.4,35040
Toulouse,Oslo,"{1.45361, 43.611113}","{10.755279, 59.910282}",54.1,134520,239.9,68100,250.91,32040
Munich,Helsinki,"{48.136948, 11.575275}","{24.941111, 60.172218}",233.1,144360,198.8,56460,153.1,17280
Munich,Paris,"{48.136948, 11.575275}","{48.858395, 2.294254}",14.1,19740,89.2,28020,131.9,14460
Munich,Lyon,"{48.136948, 11.575275}","{4.863775, 45.702291}",13.9,29400,75.1,23640,130.2,13080
Munich,Berlin,"{48.136948, 11.575275}","{52.520555, 13.386943}",17.7,13980,65.8,20700,117.39999999999999,12180
Munich,Stockholm,"{48.136948, 11.575275}","{18.05763, 59.33001}",54.6,62700,164.3,46680,262.9,31560
Munich,Budapest,"{48.136948, 11.575275}","{18.949998, 47.499999}",19.0,28500,73.4,23100,126.0,12720
Munich,Bucharest,"{48.136948, 11.575275}","{51.918053, 15.365001}",32.6,28440,65.4,20580,149.0,17460
Munich,Rome,"{48.136948, 11.575275}","{41.900555, 12.501388}",36.9,32160,91.6,28800,140.1,13860
Munich,Istanbul,"{48.136948, 11.575275}","{41.014722, 28.976665}",115.4,166260,198.0,56220,151.7,16800
Munich,London,"{48.136948, 11.575275}","{-0.122918, 51.530888}",31.0,36540,119.9,37740,156.8,15240
Munich,Graz,"{48.136948, 11.575275}","{47.07222, 15.416392}",8.2,20880,44.0,15660,121.89999999999999,11460
Munich,Hamburg,"{48.136948, 11.575275}","{9.997497, 53.557218}",25.4,19680,79.9,25140,131.4,12180
Munich,Barcelona,"{48.136948, 11.575275}","{41.38444, 2.185278}",22.4,57720,132.0,37500,108.5,15000
Munich,Milan,"{48.136948, 11.575275}","{9.204163, 45.486388}",22.6,23460,48.6,17280,148.7,14340
Munich,Belgrade,"{48.136948, 11.575275}","{50.771111, 3.87222}",22.8,28140,82.0,25800,136.5,15420
Munich,Ljubljana,"{48.136948, 11.575275}","{46.058057, 14.51028}",11.3,23580,45.2,16080,123.0,11220
Munich,Zurich,"{48.136948, 11.575275}","{8.540274, 47.37806}",8.0,12780,33.9,12060,131.1,11100
Munich,Bern,"{48.136948, 11.575275}","{46.948888, 7.439167}",8.1,16440,47.3,16800,135.8,11820
Munich,Napoli,"{48.136948, 11.575275}","{40.839163, 14.25139}",45.8,37560,109.8,34500,147.7,14040
Munich,Amsterdam,"{48.136948, 11.575275}","{4.900559, 52.378607}",27.4,27720,87.2,27420,127.60000000000001,13620
Munich,Warszawa,"{48.136948, 11.575275}","{52.228855, 21.003215}",69.7,37740,106.0,33300,146.3,12960
Munich,Riga,"{48.136948, 11.575275}","{24.120279, 56.946943}",155.1,143520,161.5,45900,123.0,15300
Munich,Oslo,"{48.136948, 11.575275}","{10.755279, 59.910282}",54.6,71280,163.7,46500,132.8,18060
Helsinki,Paris,"{24.941111, 60.172218}","{48.858395, 2.294254}",238.1,152760,238.5,67680,180.70000000000002,18600
Helsinki,Lyon,"{24.941111, 60.172218}","{4.863775, 45.702291}",235.0,174000,259.8,73740,258.46000000000004,27360
Helsinki,Berlin,"{24.941111, 60.172218}","{52.520555, 13.386943}",222.7,107220,138.2,39240,106.3,12900
Helsinki,Stockholm,"{24.941111, 60.172218}","{18.05763, 59.33001}",186.0,50040,55.8,19860,97.04,10980
Helsinki,Budapest,"{24.941111, 60.172218}","{18.949998, 47.499999}",245.3,184920,182.6,51840,138.7,14820
Helsinki,Bucharest,"{24.941111, 60.172218}","{51.918053, 15.365001}",244.1,144960,136.5,38760,291.40000000000003,30480
Helsinki,Rome,"{24.941111, 60.172218}","{41.900555, 12.501388}",276.6,173040,275.9,78300,279.3,28560
Helsinki,London,"{24.941111, 60.172218}","{-0.122918, 51.530888}",240.6,159660,227.6,64620,234.5,27240
Helsinki,Graz,"{24.941111, 60.172218}","{47.07222, 15.416392}",250.0,157080,197.9,56160,220.5,25680
Helsinki,Hamburg,"{24.941111, 60.172218}","{9.997497, 53.557218}",212.1,99360,145.5,41340,110.5,13020
Helsinki,Barcelona,"{24.941111, 60.172218}","{41.38444, 2.185278}",243.6,202200,325.9,92520,241.38,19920
Helsinki,Milan,"{24.941111, 60.172218}","{9.204163, 45.486388}",243.6,190140,179.2,68700,242.93,25680
Helsinki,Belgrade,"{24.941111, 60.172218}","{50.771111, 3.87222}",232.7,147600,209.8,59520,162.0,19260
Helsinki,Ljubljana,"{24.941111, 60.172218}","{46.058057, 14.51028}",249.2,165360,214.1,60780,159.4,15660
Helsinki,Zurich,"{24.941111, 60.172218}","{8.540274, 47.37806}",386.6,176160,221.9,63000,168.5,16740
Helsinki,Bern,"{24.941111, 60.172218}","{46.948888, 7.439167}",235.9,166800,179.2,65940,235.9,27300
Helsinki,Napoli,"{24.941111, 60.172218}","{40.839163, 14.25139}",285.5,178440,284.6,80760,285.3,29040
Helsinki,Amsterdam,"{24.941111, 60.172218}","{4.900559, 52.378607}",229.1,135120,187.7,53280,145.7,16080
Helsinki,Oslo,"{24.941111, 60.172218}","{10.755279, 59.910282}",187.3,77460,102.9,32340,139.17,12840
Paris,Lyon,"{48.858395, 2.294254}","{4.863775, 45.702291}",3.1,7500,55.6,19800,100.39999999999999,11160
Paris,Berlin,"{48.858395, 2.294254}","{52.520555, 13.386943}",31.4,53640,114.6,36060,146.0,13200
Paris,Stockholm,"{48.858395, 2.294254}","{18.05763, 59.33001}",48.9,82080,192.7,54720,244.0,25560
Paris,Budapest,"{48.858395, 2.294254}","{18.949998, 47.499999}",40.0,59640,155.4,44100,122.0,15360
Paris,Bucharest,"{48.858395, 2.294254}","{51.918053, 15.365001}",45.3,67320,128.2,40260,270.0,28740
Paris,Rome,"{48.858395, 2.294254}","{41.900555, 12.501388}",31.4,44340,138.5,39300,107.89999999999999,14580
Paris,Istanbul,"{48.858395, 2.294254}","{41.014722, 28.976665}",135.3,205800,281.9,79980,210.1,18960
Paris,London,"{48.858395, 2.294254}","{-0.122918, 51.530888}",12.6,10380,48.4,17220,126.39999999999999,11340
Paris,Graz,"{48.858395, 2.294254}","{47.07222, 15.416392}",26.2,47340,129.6,40740,225.9,24540
Paris,Hamburg,"{48.858395, 2.294254}","{9.997497, 53.557218}",18.0,56400,97.2,30540,136.9,12360
Paris,Barcelona,"{48.858395, 2.294254}","{41.38444, 2.185278}",11.6,25740,109.0,34260,141.6,12000
Paris,Milan,"{48.858395, 2.294254}","{9.204163, 45.486388}",6.4,32160,83.5,26280,121.0,11580
Paris,Belgrade,"{48.858395, 2.294254}","{50.771111, 3.87222}",3.8,8280,33.3,11820,131.7,13320
Paris,Ljubljana,"{48.858395, 2.294254}","{46.058057, 14.51028}",26.1,65280,126.1,39600,161.8,14280
Paris,Zurich,"{48.858395, 2.294254}","{8.540274, 47.37806}",3.9,17640,68.6,24420,117.9,11580
Paris,Bern,"{48.858395, 2.294254}","{46.948888, 7.439167}",4.1,18480,61.2,21780,111.1,15840
Paris,Napoli,"{48.858395, 2.294254}","{40.839163, 14.25139}",40.2,48900,161.4,45840,123.7,14460
Paris,Amsterdam,"{48.858395, 2.294254}","{4.900559, 52.378607}",8.6,12360,60.3,21420,101.5,11760
Paris,Warszawa,"{48.858395, 2.294254}","{52.228855, 21.003215}",75.9,79200,170.7,48480,129.29999999999998,14940
Paris,Riga,"{48.858395, 2.294254}","{24.120279, 56.946943}",159.1,179340,212.9,60420,159.2,16440
Paris,Oslo,"{48.858395, 2.294254}","{10.755279, 59.910282}",47.2,100260,167.5,47520,252.0,30900
Lyon,Berlin,"{4.863775, 45.702291}","{52.520555, 13.386943}",27.0,40440,127.7,40140,163.9,13740
Lyon,Stockholm,"{4.863775, 45.702291}","{18.05763, 59.33001}",54.3,128700,218.6,62040,269.03999999999996,24660
Lyon,Budapest,"{4.863775, 45.702291}","{18.949998, 47.499999}",28.9,55440,137.5,39000,103.79,13500
Lyon,Bucharest,"{4.863775, 45.702291}","{51.918053, 15.365001}",42.3,76740,128.8,36540,233.1,28800
Lyon,Rome,"{4.863775, 45.702291}","{41.900555, 12.501388}",33.5,37920,97.8,30720,137.20000000000002,12960
Lyon,Istanbul,"{4.863775, 45.702291}","{41.014722, 28.976665}",135.7,214200,251.4,71340,183.37,16800
Lyon,London,"{4.863775, 45.702291}","{-0.122918, 51.530888}",16.7,44760,96.6,30360,225.5,22560
Lyon,Graz,"{4.863775, 45.702291}","{47.07222, 15.416392}",11.6,56160,107.7,33840,236.0,22740
Lyon,Hamburg,"{4.863775, 45.702291}","{9.997497, 53.557218}",20.8,40260,123.4,38760,157.06,12180
Lyon,Milan,"{4.863775, 45.702291}","{9.204163, 45.486388}",9.9,34020,47.7,16980,108.5,11340
Lyon,Belgrade,"{4.863775, 45.702291}","{50.771111, 3.87222}",6.7,17160,73.7,23160,131.1,14640
Lyon,Ljubljana,"{4.863775, 45.702291}","{46.058057, 14.51028}",13.0,57600,97.9,30780,244.79999999999998,24900
Lyon,Zurich,"{4.863775, 45.702291}","{8.540274, 47.37806}",1.3,17400,47.3,16800,125.10000000000001,10860
Lyon,Bern,"{4.863775, 45.702291}","{46.948888, 7.439167}",1.2,13680,33.8,12000,153.89999999999998,22500
Lyon,Napoli,"{4.863775, 45.702291}","{40.839163, 14.25139}",42.2,43800,122.0,38340,232.32,21900
Lyon,Amsterdam,"{4.863775, 45.702291}","{4.900559, 52.378607}",11.4,21240,96.5,30300,137.6,12960
Lyon,Warszawa,"{4.863775, 45.702291}","{52.228855, 21.003215}",80.4,73440,172.3,48900,130.5,14880
Lyon,Riga,"{4.863775, 45.702291}","{24.120279, 56.946943}",165.9,185940,227.3,64500,298.67,25440
Lyon,Oslo,"{4.863775, 45.702291}","{10.755279, 59.910282}",46.9,99660,203.0,57600,153.35999999999999,16680
Berlin,Stockholm,"{52.520555, 13.386943}","{18.05763, 59.33001}",38.9,46740,105.9,33300,140.47,12780
Berlin,Budapest,"{52.520555, 13.386943}","{18.949998, 47.499999}",37.2,39060,89.6,28140,129.9,11820
Berlin,Bucharest,"{52.520555, 13.386943}","{51.918053, 15.365001}",17.1,13860,20.7,7380,-1,-1
Berlin,Rome,"{52.520555, 13.386943}","{41.900555, 12.501388}",54.8,50580,148.2,42060,114.60000000000001,14040
Berlin,Istanbul,"{52.520555, 13.386943}","{41.014722, 28.976665}",179.0,197820,216.8,61560,162.5,16740
Berlin,London,"{52.520555, 13.386943}","{-0.122918, 51.530888}",31.1,37680,122.0,38340,154.4,12360
Berlin,Graz,"{52.520555, 13.386943}","{47.07222, 15.416392}",41.5,42420,81.2,25500,133.2,11880
Berlin,Hamburg,"{52.520555, 13.386943}","{9.997497, 53.557218}",9.9,6420,36.1,12840,-1,-1
Berlin,Barcelona,"{52.520555, 13.386943}","{41.38444, 2.185278}",30.9,97140,187.7,53340,140.92,14640
Berlin,Milan,"{52.520555, 13.386943}","{9.204163, 45.486388}",32.1,45780,109.8,34500,141.1,11220
Berlin,Belgrade,"{52.520555, 13.386943}","{50.771111, 3.87222}",25.8,28260,89.8,28260,124.6,13680
Berlin,Ljubljana,"{52.520555, 13.386943}","{46.058057, 14.51028}",29.1,39060,94.3,29640,122.8,13920
Berlin,Zurich,"{52.520555, 13.386943}","{8.540274, 47.37806}",25.7,30000,87.5,27480,123.7,11100
Berlin,Bern,"{52.520555, 13.386943}","{46.948888, 7.439167}",24.7,29760,98.4,30960,137.9,16440
Berlin,Napoli,"{52.520555, 13.386943}","{40.839163, 14.25139}",65.9,54660,162.6,46200,123.2,14520
Berlin,Amsterdam,"{52.520555, 13.386943}","{4.900559, 52.378607}",28.4,26580,75.6,23760,124.9,11460
Berlin,Warszawa,"{52.520555, 13.386943}","{52.228855, 21.003215}",51.5,19080,67.3,21180,113.5,11160
Berlin,Riga,"{52.520555, 13.386943}","{24.120279, 56.946943}",136.8,126360,110.2,34680,140.41,10980
Berlin,Oslo,"{52.520555, 13.386943}","{10.755279, 59.910282}",38.6,55380,109.7,34500,143.5,13200
Stockholm,Budapest,"{18.05763, 59.33001}","{18.949998, 47.499999}",82.2,97200,164.7,46740,127.67,15300
Stockholm,Bucharest,"{18.05763, 59.33001}","{51.918053, 15.365001}",58.0,84600,110.0,34560,167.0,24300
Stockholm,Rome,"{18.05763, 59.33001}","{41.900555, 12.501388}",90.6,112680,247.6,70260,191.4,23040
Stockholm,Istanbul,"{18.05763, 59.33001}","{41.014722, 28.976665}",168.8,245520,271.8,77160,203.85,19320
Stockholm,London,"{18.05763, 59.33001}","{-0.122918, 51.530888}",54.6,99300,179.0,50820,257.90000000000003,25320
Stockholm,Graz,"{18.05763, 59.33001}","{47.07222, 15.416392}",67.4,103620,171.9,48780,207.79999999999998,26460
Stockholm,Hamburg,"{18.05763, 59.33001}","{9.997497, 53.557218}",26.0,39000,105.8,33300,249.95000000000002,20760
Stockholm,Milan,"{18.05763, 59.33001}","{9.204163, 45.486388}",55.0,100860,206.3,58560,156.1,16680
Stockholm,Belgrade,"{18.05763, 59.33001}","{50.771111, 3.87222}",46.7,87240,163.5,46380,126.10000000000001,17220
Stockholm,Ljubljana,"{18.05763, 59.33001}","{46.058057, 14.51028}",68.4,110220,186.9,53040,141.01000000000002,18240
Stockholm,Zurich,"{18.05763, 59.33001}","{8.540274, 47.37806}",52.5,84780,183.6,52140,248.6,23400
Stockholm,Bern,"{18.05763, 59.33001}","{46.948888, 7.439167}",52.5,87000,193.1,54780,153.60000000000002,25560
Stockholm,Napoli,"{18.05763, 59.33001}","{40.839163, 14.25139}",99.5,118080,259.6,73680,269.20000000000005,29340
Stockholm,Amsterdam,"{18.05763, 59.33001}","{4.900559, 52.378607}",45.9,59940,140.6,39900,278.5,22080
Stockholm,Oslo,"{18.05763, 59.33001}","{10.755279, 59.910282}",1.3,18480,58.5,20760,139.64,12060
Budapest,Bucharest,"{18.949998, 47.499999}","{51.918053, 15.365001}",54.2,48840,72.9,22920,223.4,28560
Budapest,Rome,"{18.949998, 47.499999}","{41.900555, 12.501388}",48.2,58740,106.2,33360,144.5,13560
Budapest,Istanbul,"{18.949998, 47.499999}","{41.014722, 28.976665}",95.0,138240,133.7,37920,173.5,12660
Budapest,London,"{18.949998, 47.499999}","{-0.122918, 51.530888}",44.2,61320,181.2,51420,228.6,25980
Budapest,Graz,"{18.949998, 47.499999}","{47.07222, 15.416392}",11.3,19620,38.9,13800,190.6,19860
Budapest,Hamburg,"{18.949998, 47.499999}","{9.997497, 53.557218}",37.7,42360,121.0,38040,157.79999999999998,12060
Budapest,Milan,"{18.949998, 47.499999}","{9.204163, 45.486388}",33.9,49800,102.7,32280,139.60000000000002,13500
Budapest,Belgrade,"{18.949998, 47.499999}","{50.771111, 3.87222}",36.2,52680,144.9,41100,116.19999999999999,16920
Budapest,Ljubljana,"{18.949998, 47.499999}","{46.058057, 14.51028}",18.4,26880,53.3,18960,141.10000000000002,10560
Budapest,Zurich,"{18.949998, 47.499999}","{8.540274, 47.37806}",18.6,37500,103.0,32400,149.1,12540
Budapest,Bern,"{18.949998, 47.499999}","{46.948888, 7.439167}",18.7,41580,114.6,36000,253.0,22680
Budapest,Napoli,"{18.949998, 47.499999}","{40.839163, 14.25139}",57.8,59580,109.3,34380,240.39999999999998,22560
Budapest,Amsterdam,"{18.949998, 47.499999}","{4.900559, 52.378607}",40.1,52440,143.2,40620,113.7,14520
Budapest,Warszawa,"{18.949998, 47.499999}","{52.228855, 21.003215}",59.5,39900,71.2,22380,118.3,10680
Budapest,Riga,"{18.949998, 47.499999}","{24.120279, 56.946943}",145.5,151980,138.3,39240,234.31,22140
Budapest,Oslo,"{18.949998, 47.499999}","{10.755279, 59.910282}",61.5,100200,185.2,52560,134.52,17280
Bucharest,Rome,"{51.918053, 15.365001}","{41.900555, 12.501388}",78.7,86700,142.4,40440,123.4,19320
Bucharest,Istanbul,"{51.918053, 15.365001}","{41.014722, 28.976665}",154.9,205920,199.2,56520,233.29999999999998,35220
Bucharest,London,"{51.918053, 15.365001}","{-0.122918, 51.530888}",48.5,74100,133.4,37860,175.0,19380
Bucharest,Graz,"{51.918053, 15.365001}","{47.07222, 15.416392}",61.2,49440,70.5,22140,196.8,29580
Bucharest,Hamburg,"{51.918053, 15.365001}","{9.997497, 53.557218}",23.0,21660,56.8,20220,158.1,16440
Bucharest,Milan,"{51.918053, 15.365001}","{9.204163, 45.486388}",57.4,60960,110.7,34800,231.79999999999998,29520
Bucharest,Belgrade,"{51.918053, 15.365001}","{50.771111, 3.87222}",40.6,65640,105.6,33180,144.1,20040
Bucharest,Ljubljana,"{51.918053, 15.365001}","{46.058057, 14.51028}",42.6,54900,85.6,26880,136.9,21840
Bucharest,Zurich,"{51.918053, 15.365001}","{8.540274, 47.37806}",39.8,45000,92.0,28920,138.5,17100
Bucharest,Bern,"{51.918053, 15.365001}","{46.948888, 7.439167}",39.8,44760,104.0,32700,276.0,27360
Bucharest,Napoli,"{51.918053, 15.365001}","{40.839163, 14.25139}",84.3,97440,154.7,43920,200.7,23340
Bucharest,Amsterdam,"{51.918053, 15.365001}","{4.900559, 52.378607}",40.9,38220,93.5,29400,145.5,18540
Bucharest,Warszawa,"{51.918053, 15.365001}","{52.228855, 21.003215}",44.0,24060,54.5,19380,123.19999999999999,14520
Bucharest,Riga,"{51.918053, 15.365001}","{24.120279, 56.946943}",125.9,134460,103.9,32640,160.1,17700
Bucharest,Oslo,"{51.918053, 15.365001}","{10.755279, 59.910282}",51.9,94920,122.1,38340,147.9,20820
Rome,London,"{41.900555, 12.501388}","{-0.122918, 51.530888}",44.9,57120,179.7,51000,276.70000000000005,26580
Rome,Graz,"{41.900555, 12.501388}","{47.07222, 15.416392}",35.8,37800,81.6,25620,138.3,23160
Rome,Hamburg,"{41.900555, 12.501388}","{9.997497, 53.557218}",62.8,55440,164.0,46560,128.0,15420
Rome,Barcelona,"{41.900555, 12.501388}","{41.38444, 2.185278}",48.3,91080,112.4,35340,145.2,12960
Rome,Milan,"{41.900555, 12.501388}","{9.204163, 45.486388}",25.2,10320,67.6,24060,116.30000000000001,10860
Rome,Belgrade,"{41.900555, 12.501388}","{50.771111, 3.87222}",35.8,53880,148.5,42180,117.7,17280
Rome,Ljubljana,"{41.900555, 12.501388}","{46.058057, 14.51028}",33.8,35700,69.4,24660,125.4,16860
Rome,Zurich,"{41.900555, 12.501388}","{8.540274, 47.37806}",27.6,27300,89.7,28200,131.1,12840
Rome,Bern,"{41.900555, 12.501388}","{46.948888, 7.439167}",32.2,29760,90.4,28380,138.9,18720
Rome,Napoli,"{41.900555, 12.501388}","{40.839163, 14.25139}",8.8,3360,26.1,9300,105.2,10260
Rome,Amsterdam,"{41.900555, 12.501388}","{4.900559, 52.378607}",53.4,56040,162.5,46140,268.0,24180
Rome,Warszawa,"{41.900555, 12.501388}","{52.228855, 21.003215}",95.8,79920,165.0,46800,223.79999999999998,23220
Rome,Riga,"{41.900555, 12.501388}","{24.120279, 56.946943}",177.1,187080,233.9,66420,177.7,17940
Rome,Oslo,"{41.900555, 12.501388}","{10.755279, 59.910282}",72.2,113220,251.3,71340,260.1,28920
Istanbul,London,"{41.014722, 28.976665}","{-0.122918, 51.530888}",149.0,237420,312.6,88740,299.8,30540
Istanbul,Graz,"{41.014722, 28.976665}","{47.07222, 15.416392}",107.1,175020,159.1,45180,200.6,24600
Istanbul,Hamburg,"{41.014722, 28.976665}","{9.997497, 53.557218}",137.5,214140,248.1,70440,184.20000000000002,17760
Istanbul,Barcelona,"{41.014722, 28.976665}","{41.38444, 2.185278}",124.0,261240,279.5,79320,205.8,18240
Istanbul,Milan,"{41.014722, 28.976665}","{9.204163, 45.486388}",133.2,217200,209.0,59340,225.4,25620
Istanbul,Belgrade,"{41.014722, 28.976665}","{50.771111, 3.87222}",141.1,228960,276.2,78360,207.6,21840
Istanbul,Ljubljana,"{41.014722, 28.976665}","{46.058057, 14.51028}",112.5,185880,161.3,45780,122.0,15120
Istanbul,Zurich,"{41.014722, 28.976665}","{8.540274, 47.37806}",114.7,220800,221.1,62760,165.9,16980
Istanbul,Bern,"{41.014722, 28.976665}","{46.948888, 7.439167}",114.8,224880,229.7,65160,278.8,27180
Istanbul,Amsterdam,"{41.014722, 28.976665}","{4.900559, 52.378607}",140.3,223500,276.5,78480,206.5,19800
Istanbul,Warszawa,"{41.014722, 28.976665}","{52.228855, 21.003215}",160.2,195840,173.3,49200,131.20000000000002,15120
Istanbul,Riga,"{41.014722, 28.976665}","{24.120279, 56.946943}",239.5,312180,225.9,64080,167.79000000000002,15900
Istanbul,Oslo,"{41.014722, 28.976665}","{10.755279, 59.910282}",169.4,279720,306.0,86880,297.3,31560
Moscow,Lisbon,"{38.776112, -9.099169}","{38.767779, -9.098054}",0.03,180,0.14,60,-1,-1
London,Graz,"{-0.122918, 51.530888}","{47.07222, 15.416392}",35.3,55980,153.6,43620,269.9,24480
London,Hamburg,"{-0.122918, 51.530888}","{9.997497, 53.557218}",18.8,33600,94.3,29640,133.10000000000002,13380
London,Barcelona,"{-0.122918, 51.530888}","{41.38444, 2.185278}",13.2,40080,142.8,40500,110.8,14100
London,Milan,"{-0.122918, 51.530888}","{9.204163, 45.486388}",7.9,48240,125.4,39420,161.3,13380
London,Belgrade,"{-0.122918, 51.530888}","{50.771111, 3.87222}",4.5,13200,41.0,14580,126.30000000000001,12900
London,Ljubljana,"{-0.122918, 51.530888}","{46.058057, 14.51028}",36.7,57420,153.8,43680,271.1,24060
London,Zurich,"{-0.122918, 51.530888}","{8.540274, 47.37806}",5.4,32400,101.7,31920,141.20000000000002,12300
London,Bern,"{-0.122918, 51.530888}","{46.948888, 7.439167}",5.0,32040,97.9,30780,237.3,21420
London,Napoli,"{-0.122918, 51.530888}","{40.839163, 14.25139}",47.4,58020,202.3,57420,280.5,25500
London,Amsterdam,"{-0.122918, 51.530888}","{4.900559, 52.378607}",10.3,16440,50.3,17880,127.2,11580
London,Warszawa,"{-0.122918, 51.530888}","{52.228855, 21.003215}",75.9,58740,181.1,51420,136.3,15060
London,Riga,"{-0.122918, 51.530888}","{24.120279, 56.946943}",160.0,183720,209.7,59520,289.9,25980
London,Oslo,"{-0.122918, 51.530888}","{10.755279, 59.910282}",48.0,104640,144.1,40920,102.5,17280
Graz,Hamburg,"{47.07222, 15.416392}","{9.997497, 53.557218}",30.8,38700,106.6,33540,244.6,21600
Graz,Milan,"{47.07222, 15.416392}","{9.204163, 45.486388}",25.6,34200,66.7,20940,261.8,23760
Graz,Belgrade,"{47.07222, 15.416392}","{50.771111, 3.87222}",29.3,49200,122.5,38520,249.70000000000002,24840
Graz,Ljubljana,"{47.07222, 15.416392}","{46.058057, 14.51028}",6.0,10740,18.6,6600,-1,-1
Graz,Zurich,"{47.07222, 15.416392}","{8.540274, 47.37806}",10.0,34500,68.0,21360,113.7,11160
Graz,Bern,"{47.07222, 15.416392}","{46.948888, 7.439167}",10.1,38580,79.1,24840,248.9,21240
Graz,Napoli,"{47.07222, 15.416392}","{40.839163, 14.25139}",46.0,43380,91.8,28860,128.3,18060
Graz,Amsterdam,"{47.07222, 15.416392}","{4.900559, 52.378607}",33.2,48780,125.2,39360,238.5,23700
Graz,Warszawa,"{47.07222, 15.416392}","{52.228855, 21.003215}",55.4,39060,91.6,28800,199.2,20640
Graz,Riga,"{47.07222, 15.416392}","{24.120279, 56.946943}",141.4,152220,156.0,44280,186.60000000000002,23760
Graz,Oslo,"{47.07222, 15.416392}","{10.755279, 59.910282}",56.8,98340,182.6,51840,228.6,33660
Hamburg,Barcelona,"{9.997497, 53.557218}","{41.38444, 2.185278}",31.7,94080,184.4,52380,139.18,14700
Hamburg,Milan,"{9.997497, 53.557218}","{9.204163, 45.486388}",26.4,44400,117.5,36960,209.33,21060
Hamburg,Belgrade,"{9.997497, 53.557218}","{50.771111, 3.87222}",22.0,27540,68.0,21360,122.89999999999999,13020
Hamburg,Ljubljana,"{9.997497, 53.557218}","{46.058057, 14.51028}",33.9,44460,116.8,36720,242.6,20640
Hamburg,Zurich,"{9.997497, 53.557218}","{8.540274, 47.37806}",23.9,28440,90.7,28560,129.2,10980
Hamburg,Bern,"{9.997497, 53.557218}","{46.948888, 7.439167}",23.9,28440,98.9,31080,138.7,15960
Hamburg,Napoli,"{9.997497, 53.557218}","{40.839163, 14.25139}",72.7,62820,181.2,51480,135.9,14220
Hamburg,Amsterdam,"{9.997497, 53.557218}","{4.900559, 52.378607}",19.3,18180,51.5,18300,140.6,10440
Hamburg,Warszawa,"{9.997497, 53.557218}","{52.228855, 21.003215}",62.2,48600,98.2,30900,138.9,10920
Hamburg,Riga,"{9.997497, 53.557218}","{24.120279, 56.946943}",147.0,137100,126.6,39780,158.47,11520
Hamburg,Oslo,"{9.997497, 53.557218}","{10.755279, 59.910282}",30.2,54240,92.6,29100,133.87,11940
Barcelona,Milan,"{41.38444, 2.185278}","{9.204163, 45.486388}",22.5,48300,95.3,29940,135.14,10860
Barcelona,Belgrade,"{41.38444, 2.185278}","{50.771111, 3.87222}",14.7,64920,131.7,37380,110.2,16740
Barcelona,Ljubljana,"{41.38444, 2.185278}","{46.058057, 14.51028}",48.2,94560,140.1,39780,107.05,12840
Barcelona,Zurich,"{41.38444, 2.185278}","{8.540274, 47.37806}",9.3,40140,109.6,34440,145.0,12660
Barcelona,Bern,"{41.38444, 2.185278}","{46.948888, 7.439167}",9.2,36420,98.0,30780,152.6,17340
Barcelona,Napoli,"{41.38444, 2.185278}","{40.839163, 14.25139}",47.7,80880,126.5,35880,169.05,12480
Barcelona,Amsterdam,"{41.38444, 2.185278}","{4.900559, 52.378607}",19.4,69000,155.2,44040,119.2,14940
Barcelona,Warszawa,"{41.38444, 2.185278}","{52.228855, 21.003215}",87.3,112440,233.3,66240,175.0,16860
Barcelona,Riga,"{41.38444, 2.185278}","{24.120279, 56.946943}",171.7,234540,292.1,82920,214.89000000000001,18660
Barcelona,Oslo,"{41.38444, 2.185278}","{10.755279, 59.910282}",55.0,162660,268.2,76140,193.3,20220
Milan,Belgrade,"{9.204163, 45.486388}","{50.771111, 3.87222}",24.5,67980,92.5,29100,136.4,14820
Milan,Ljubljana,"{9.204163, 45.486388}","{46.058057, 14.51028}",23.1,28500,58.8,20880,140.0,15060
Milan,Zurich,"{9.204163, 45.486388}","{8.540274, 47.37806}",2.6,15120,30.4,10800,109.80000000000001,11880
Milan,Bern,"{9.204163, 45.486388}","{46.948888, 7.439167}",6.0,11040,29.7,10560,122.7,16260
Milan,Napoli,"{9.204163, 45.486388}","{40.839163, 14.25139}",33.7,15360,86.1,27060,119.79,10260
Milan,Amsterdam,"{9.204163, 45.486388}","{4.900559, 52.378607}",35.5,47340,108.2,34020,141.5,13500
Milan,Warszawa,"{9.204163, 45.486388}","{52.228855, 21.003215}",100.0,76200,142.9,40560,249.9,23280
Milan,Riga,"{9.204163, 45.486388}","{24.120279, 56.946943}",166.3,181680,204.8,58140,149.70000000000002,17880
Milan,Oslo,"{9.204163, 45.486388}","{10.755279, 59.910282}",50.3,100920,201.0,57060,216.73000000000002,26100
Belgrade,Ljubljana,"{50.771111, 3.87222}","{46.058057, 14.51028}",34.5,51240,123.3,38700,158.6,15660
Belgrade,Zurich,"{50.771111, 3.87222}","{8.540274, 47.37806}",22.1,30960,66.4,20880,123.0,13260
Belgrade,Bern,"{50.771111, 3.87222}","{46.948888, 7.439167}",22.0,30720,70.1,24960,124.89999999999999,13020
Belgrade,Napoli,"{50.771111, 3.87222}","{40.839163, 14.25139}",67.5,85380,170.4,48360,249.4,27780
Belgrade,Amsterdam,"{50.771111, 3.87222}","{4.900559, 52.378607}",7.0,10200,27.1,9600,92.5,12660
Belgrade,Warszawa,"{50.771111, 3.87222}","{52.228855, 21.003215}",74.5,50220,149.4,42420,115.5,16020
Belgrade,Riga,"{50.771111, 3.87222}","{24.120279, 56.946943}",157.8,177540,186.0,52800,141.70000000000002,17520
Belgrade,Oslo,"{50.771111, 3.87222}","{10.755279, 59.910282}",45.8,98460,138.1,39180,243.1,31800
Ljubljana,Zurich,"{46.058057, 14.51028}","{8.540274, 47.37806}",10.7,35760,67.3,23940,116.10000000000001,11160
Ljubljana,Bern,"{46.058057, 14.51028}","{46.948888, 7.439167}",10.8,39840,71.9,22620,129.0,15480
Ljubljana,Napoli,"{46.058057, 14.51028}","{40.839163, 14.25139}",42.6,42420,76.2,23940,121.5,13920
Ljubljana,Amsterdam,"{46.058057, 14.51028}","{4.900559, 52.378607}",35.6,50700,129.3,40620,165.4,14040
Ljubljana,Warszawa,"{46.058057, 14.51028}","{52.228855, 21.003215}",62.0,48960,108.9,34200,150.70000000000002,12180
Ljubljana,Riga,"{46.058057, 14.51028}","{24.120279, 56.946943}",146.6,166080,172.4,48960,204.25,24060
Ljubljana,Oslo,"{46.058057, 14.51028}","{10.755279, 59.910282}",59.2,102060,195.1,55380,146.14,17280
Zurich,Bern,"{8.540274, 47.37806}","{46.948888, 7.439167}",0.1,3360,14.6,7620,-1,-1
Zurich,Napoli,"{8.540274, 47.37806}","{40.839163, 14.25139}",36.4,31380,112.1,35220,146.2,12060
Zurich,Amsterdam,"{8.540274, 47.37806}","{4.900559, 52.378607}",28.3,32760,80.3,25200,129.79999999999998,12240
Zurich,Warszawa,"{8.540274, 47.37806}","{52.228855, 21.003215}",82.2,69180,130.4,37020,172.2,12900
Zurich,Riga,"{8.540274, 47.37806}","{24.120279, 56.946943}",147.2,183780,187.3,53160,140.3,15540
Zurich,Oslo,"{8.540274, 47.37806}","{10.755279, 59.910282}",47.7,85560,175.2,49740,139.6,16500
Bern,Napoli,"{46.948888, 7.439167}","{40.839163, 14.25139}",41.1,27960,113.7,35700,136.4,17940
Bern,Amsterdam,"{46.948888, 7.439167}","{4.900559, 52.378607}",27.1,32460,82.5,25920,203.5,21180
Bern,Warszawa,"{46.948888, 7.439167}","{52.228855, 21.003215}",82.2,51420,142.4,40380,273.2,22500
Bern,Riga,"{46.948888, 7.439167}","{24.120279, 56.946943}",156.9,182340,198.5,56340,250.0,24840
Bern,Oslo,"{46.948888, 7.439167}","{10.755279, 59.910282}",52.4,99660,182.3,51720,230.1,31320
Napoli,Amsterdam,"{40.839163, 14.25139}","{4.900559, 52.378607}",65.4,62700,183.3,52020,139.2,15720
Napoli,Warszawa,"{40.839163, 14.25139}","{52.228855, 21.003215}",104.7,84660,171.3,48600,246.1,30840
Napoli,Riga,"{40.839163, 14.25139}","{24.120279, 56.946943}",181.6,225900,241.4,68520,202.2,26100
Napoli,Oslo,"{40.839163, 14.25139}","{10.755279, 59.910282}",81.0,117420,267.1,75840,198.83,19020
Amsterdam,Warszawa,"{4.900559, 52.378607}","{52.228855, 21.003215}",79.4,48120,136.7,38820,106.2,12900
Amsterdam,Riga,"{4.900559, 52.378607}","{24.120279, 56.946943}",160.8,171840,166.4,47220,127.4,14460
Amsterdam,Oslo,"{4.900559, 52.378607}","{10.755279, 59.910282}",47.6,90060,119.2,37440,154.10000000000002,18240
Warszawa,Riga,"{52.228855, 21.003215}","{24.120279, 56.946943}",80.3,93420,73.4,23040,121.3,10560
Warszawa,Oslo,"{52.228855, 21.003215}","{10.755279, 59.910282}",89.8,98040,132.9,37740,178.2,16620
